question,choice_a,choice_b,choice_c,choice_d,correct_answer,image_path,image_page,copyright
"During which festival season is the ""Sia-Khro"" ritual typically held?",Songkran,Loi Krathong,King's Birthday,Thai Harvest Festival,a,https://ich.unesco.org/img/photo/thumb/15309-HUG.jpg,https://ich.unesco.org/en/photo-pop-up-00973?photoID=15309,"© Khon Kaen Provincial Cultural Office, Thailand, 2019"
Which province is mentioned as the location for this cultural event?,Bangkok,Chiang Mai,Phuket,Khon Khon,d,https://ich.unesco.org/img/photo/thumb/15309-HUG.jpg,https://ich.unesco.org/en/photo-pop-up-00973?photoID=15309,"© Khon Kaen Provincial Cultural Office, Thailand, 2019"
Which element plays a significant role in the ritual setup in the image?,Fire lanterns,Water stations,Decorative flags,Musical instruments,c,https://ich.unesco.org/img/photo/thumb/15309-HUG.jpg,https://ich.unesco.org/en/photo-pop-up-00973?photoID=15309,"© Khon Kaen Provincial Cultural Office, Thailand, 2019"
What is the approximate number of participants shown in the image?,Fewer than 10,Between 10-30,More than 50,Exactly 45,c,https://ich.unesco.org/img/photo/thumb/15309-HUG.jpg,https://ich.unesco.org/en/photo-pop-up-00973?photoID=15309,"© Khon Kaen Provincial Cultural Office, Thailand, 2019"
What specific festival is likely being celebrated in this photo?,Loi Krathong,Songkran,Vesak,Makha Bucha,b,https://ich.unesco.org/img/photo/thumb/15308-HUG.jpg,https://ich.unesco.org/en/photo-pop-up-00973?photoID=15308,"© Banharn Vihokhern, Thailand, 2019"
What type of clothing is predominantly worn by the attendees for this occasion?,Casual western clothes,Formal suits and dresses,Traditional Thai garments,Beach attire,c,https://ich.unesco.org/img/photo/thumb/15308-HUG.jpg,https://ich.unesco.org/en/photo-pop-up-00973?photoID=15308,"© Banharn Vihokhern, Thailand, 2019"
The posture of the Buddha statue in the photo likely indicates what?,A state of warning,A teaching posture,A state of meditation,A state of anger,c,https://ich.unesco.org/img/photo/thumb/15311-HUG.jpg,https://ich.unesco.org/en/photo-pop-up-00973?photoID=15311,"Photograph: Chanyuth Sribuarod© Department of Cultural Promotion, Thailand, 2015"
"What other element, besides water, is important in the depicted festival for expressing joy and celebration?",Fireworks,Food,Colorful clothes/,Singing,c,https://ich.unesco.org/img/photo/thumb/15310-HUG.jpg,https://ich.unesco.org/en/photo-pop-up-00973?photoID=15310,"Photograph: Chirasak Tolertmongkol© Department of Cultural Promotion, Thailand, 2015"
What is an indirect consequence of the water splashing during the festival?,Agricultural fertilization,Increasing local humidity,Cooling the atmosphere,Water contamination,c,https://ich.unesco.org/img/photo/thumb/15310-HUG.jpg,https://ich.unesco.org/en/photo-pop-up-00973?photoID=15310,"Photograph: Chirasak Tolertmongkol© Department of Cultural Promotion, Thailand, 2015"
The location of this festival can best be described as:,"A private, indoor venue",A local temple courtyard,A public international arena,Remote natural setting,b,https://ich.unesco.org/img/photo/thumb/15310-HUG.jpg,https://ich.unesco.org/en/photo-pop-up-00973?photoID=15310,"Photograph: Chirasak Tolertmongkol© Department of Cultural Promotion, Thailand, 2015"
What time of year does Songkran typically occur?,Winter,Spring,Summer,Autumn,c,https://ich.unesco.org/img/photo/thumb/15310-HUG.jpg,https://ich.unesco.org/en/photo-pop-up-00973?photoID=15310,"Photograph: Chirasak Tolertmongkol© Department of Cultural Promotion, Thailand, 2015"
The act of image procession is meant to reflect:,Historical migration routes,The spiritual journey of life,Political parades,Economic prosperity,b,https://ich.unesco.org/img/photo/thumb/15310-HUG.jpg,https://ich.unesco.org/en/photo-pop-up-00973?photoID=15310,"Photograph: Chirasak Tolertmongkol© Department of Cultural Promotion, Thailand, 2015"
Which festival is likely being celebrated in this image based on the activity shown?,Loy Krathong,Vesak,Songkran,Makha Bucha,c,https://ich.unesco.org/img/photo/thumb/15312-HUG.jpg,https://ich.unesco.org/en/photo-pop-up-00973?photoID=15312,"Photograph: Saithan Amphoothon© Department of Cultural Promotion, Thailand, 2019"
What is the effect of monks receiving water in such rituals?,They are conferred higher religious status.,It cleanses their spiritual sins.,It is considered a form of alms-giving,They gain the ability to perform healings.,c,https://ich.unesco.org/img/photo/thumb/15312-HUG.jpg,https://ich.unesco.org/en/photo-pop-up-00973?photoID=15312,"Photograph: Saithan Amphoothon© Department of Cultural Promotion, Thailand, 2019"
What part of Songkran involves activities different from what's portrayed in the image?,Reciting poems,Engaging in water fights,Singing traditional songs,Painting religious icons,b,https://ich.unesco.org/img/photo/thumb/15312-HUG.jpg,https://ich.unesco.org/en/photo-pop-up-00973?photoID=15312,"Photograph: Saithan Amphoothon© Department of Cultural Promotion, Thailand, 2019"
What activity are the adults primarily engaged in during the depicted scene?,Dancing,Singing,Watching the children play,Cooking food,c,https://ich.unesco.org/img/photo/thumb/15317-HUG.jpg,https://ich.unesco.org/en/photo-pop-up-00973?photoID=15317,"Photograph: ‎Yuttharut Hongthongkam© Saensuk Municipality, Thailand, 2019"
Why might the girl in the foreground appear joyful?,She won a prize,She is leading the game,She found a lost item,She is greeting someone,b,https://ich.unesco.org/img/photo/thumb/15317-HUG.jpg,https://ich.unesco.org/en/photo-pop-up-00973?photoID=15317,"Photograph: ‎Yuttharut Hongthongkam© Saensuk Municipality, Thailand, 2019"
What is the likely purpose of the banner in the background?,Advertise products,Announce the event,Provide instructions,Serve as a backdrop,b,https://ich.unesco.org/img/photo/thumb/15317-HUG.jpg,https://ich.unesco.org/en/photo-pop-up-00973?photoID=15317,"Photograph: ‎Yuttharut Hongthongkam© Saensuk Municipality, Thailand, 2019"
Which age group is visibly participating in the festivities shown in the image?,Only elderly persons,Only adults,Teenagers only,All age groups including children and adults,d,https://ich.unesco.org/img/photo/thumb/15314-HUG.jpg,https://ich.unesco.org/en/photo-pop-up-00973?photoID=15314,"Photograph: Adison Chaiboonruang© Phrae Provincial Cultural Office, Thailand, 2019"
What potential reason is there for using bowls to splash water as observed in the image?,Bowls were readily available,Bowls symbolize the giving of blessings,Bowls are cheaper than other instruments,Bowls are less effective thus minimally disruptive,b,https://ich.unesco.org/img/photo/thumb/15314-HUG.jpg,https://ich.unesco.org/en/photo-pop-up-00973?photoID=15314,"Photograph: Adison Chaiboonruang© Phrae Provincial Cultural Office, Thailand, 2019"
"Based on the expressions and actions in the photo, what is one likely immediate outcome of this event for the participants?",Feeling tired and needing rest,Experiencing rejuvenation and joy,Developing competitive feelings,Wanting to change into dry clothes,b,https://ich.unesco.org/img/photo/thumb/15314-HUG.jpg,https://ich.unesco.org/en/photo-pop-up-00973?photoID=15314,"Photograph: Adison Chaiboonruang© Phrae Provincial Cultural Office, Thailand, 2019"
What might the young child learn from participating in this ceremony?,Traditional games,Cooking local dishes,The importance of respecting elders,Agricultural techniques,c,https://ich.unesco.org/img/photo/thumb/15313-HUG.jpg,https://ich.unesco.org/en/photo-pop-up-00973?photoID=15313,"Photograph: Sumetha Petampai© Department of Cultural Promotion, Thailand, 2015"
What could be a reason for the elder woman's hand gesture towards the water?,To block the water from hitting her,To guide the water properly as a part of the ritual,To show she doesn't want to participate,To feel the temperature of the water,b,https://ich.unesco.org/img/photo/thumb/15313-HUG.jpg,https://ich.unesco.org/en/photo-pop-up-00973?photoID=15313,"Photograph: Sumetha Petampai© Department of Cultural Promotion, Thailand, 2015"
Why might this ceremony primarily take place outdoors?,To accommodate more people,Because it involves fire,It usually rains,The indoors is reserved for eating,a,https://ich.unesco.org/img/photo/thumb/15313-HUG.jpg,https://ich.unesco.org/en/photo-pop-up-00973?photoID=15313,"Photograph: Sumetha Petampai© Department of Cultural Promotion, Thailand, 2015"
"Based on the image, what might the weather be like during this event?",Cold and snowy,Mild and windy,Hot and sunny,Rainy and humid,c,https://ich.unesco.org/img/photo/thumb/15313-HUG.jpg,https://ich.unesco.org/en/photo-pop-up-00973?photoID=15313,"Photograph: Sumetha Petampai© Department of Cultural Promotion, Thailand, 2015"
What might the choice of a communal outdoor place suggest about this event?,It requires a lot of space for participants,It is a sports event,It is exclusively for the community elders,It is a private family function,a,https://ich.unesco.org/img/photo/thumb/15313-HUG.jpg,https://ich.unesco.org/en/photo-pop-up-00973?photoID=15313,"Photograph: Sumetha Petampai© Department of Cultural Promotion, Thailand, 2015"
What is the main purpose of bringing sand to temples during this festival?,To create artworks as offerings.,To donate for temple restoration or public works.,To use in religious rituals.,To prepare for religious festivities.,b,https://ich.unesco.org/img/photo/thumb/15316-HUG.jpg,https://ich.unesco.org/en/photo-pop-up-00973?photoID=15316,"Photograph: Udomdaj Ketkaeo© Phetchaburi Provincial Cultural Office, Thailand, 2019"
What do the flags in the image symbolize in the context of this festival?,Traditional kite decoration,Specific family clans participating,The festive nature of Songkran,Directions for temple entrances,c,https://ich.unesco.org/img/photo/thumb/15316-HUG.jpg,https://ich.unesco.org/en/photo-pop-up-00973?photoID=15316,"Photograph: Udomdaj Ketkaeo© Phetchaburi Provincial Cultural Office, Thailand, 2019"
"Considering that the sand will be donated later, what value does this add to the activity besides the immediate joy and participation?",Environmental conservation,Educational learning for children,Sustained community and temple support,Enhancement of tourist attraction,c,https://ich.unesco.org/img/photo/thumb/15316-HUG.jpg,https://ich.unesco.org/en/photo-pop-up-00973?photoID=15316,"Photograph: Udomdaj Ketkaeo© Phetchaburi Provincial Cultural Office, Thailand, 2019"
Which aspect of the event would most likely facilitate cultural transmission to younger generations?,The specific design of sand pagodas,Active family involvement and teaching,Spectating rather than participating,Media coverage of the event,b,https://ich.unesco.org/img/photo/thumb/15316-HUG.jpg,https://ich.unesco.org/en/photo-pop-up-00973?photoID=15316,"Photograph: Udomdaj Ketkaeo© Phetchaburi Provincial Cultural Office, Thailand, 2019"
"How does the community likely view the after-use of the sand used in pagoda construction, based on cultural practices shown?",As a waste material,As a reusable resource for next year,As a sacred contribution to temple maintenance,As material for commercial sale,c,https://ich.unesco.org/img/photo/thumb/15316-HUG.jpg,https://ich.unesco.org/en/photo-pop-up-00973?photoID=15316,"Photograph: Udomdaj Ketkaeo© Phetchaburi Provincial Cultural Office, Thailand, 2019"
"What might be the primary ingredient used in making “Ka-La-Mae”, a traditional sweet depicted in the image?",Rice flour,Coconut sugar,Wheat flour,Cane sugar,b,https://ich.unesco.org/img/photo/thumb/15315-HUG.jpg,https://ich.unesco.org/en/photo-pop-up-00973?photoID=15315,"Photograph: Bunchai Tongcharoen Buangarm© Bunchai Tongcharoen buangarm, Thailand, 2019"
"Given the setting in the image, what could the large container’s content be used for?",To prepare a savory soup,To store water,To make a traditional drink,To cook a sweet treat for the community,d,https://ich.unesco.org/img/photo/thumb/15315-HUG.jpg,https://ich.unesco.org/en/photo-pop-up-00973?photoID=15315,"Photograph: Bunchai Tongcharoen Buangarm© Bunchai Tongcharoen buangarm, Thailand, 2019"
What dance form is Khaem Praditsin performing in this image?,Khon,Lakhon,Menora,Likay,c,https://ich.unesco.org/img/photo/thumb/14181-HUG.jpg,https://ich.unesco.org/en/photo-pop-up-00973?photoID=14181,"Photograph: Gingthong Mahapornpaisan© Department of Cultural Promotion, Thailand, 2017"
What specific movement is Khaem Praditsin demonstrating in the image?,Mai Muang,Bot Phan Na,Chui Chai,Ram Vong,b,https://ich.unesco.org/img/photo/thumb/14181-HUG.jpg,https://ich.unesco.org/en/photo-pop-up-00973?photoID=14181,"Photograph: Gingthong Mahapornpaisan© Department of Cultural Promotion, Thailand, 2017"
Which province is Khaem Praditsin demonstrating “Bot Phan Na”?,Phuket,Krabi,Surat Thani,Chiang Mai,b,https://ich.unesco.org/img/photo/thumb/14181-HUG.jpg,https://ich.unesco.org/en/photo-pop-up-00973?photoID=14181,"Photograph: Gingthong Mahapornpaisan© Department of Cultural Promotion, Thailand, 2017"
Which level of Nora art is “Ram Tham Bot” considered?,Beginner,Intermediate,Advanced,Professional,c,https://ich.unesco.org/img/photo/thumb/14181-HUG.jpg,https://ich.unesco.org/en/photo-pop-up-00973?photoID=14181,"Photograph: Gingthong Mahapornpaisan© Department of Cultural Promotion, Thailand, 2017"
"What is the probable emotional theme of the ""Bot Phan Na"" movement demonstrated by Khaem Praditsin?",Grief,Serenity,Exultation,Anger,c,https://ich.unesco.org/img/photo/thumb/14181-HUG.jpg,https://ich.unesco.org/en/photo-pop-up-00973?photoID=14181,"Photograph: Gingthong Mahapornpaisan© Department of Cultural Promotion, Thailand, 2017"
What time of the day is the performance likely based on the lighting used in the photo?,Morning,Afternoon,Night,Evening,c,https://ich.unesco.org/img/photo/thumb/14181-HUG.jpg,https://ich.unesco.org/en/photo-pop-up-00973?photoID=14181,"Photograph: Gingthong Mahapornpaisan© Department of Cultural Promotion, Thailand, 2017"
What role does the background play in the image?,Emphasizes darkness,Provides a sense of place,Accentuates the performer,Indicates time of year,c,https://ich.unesco.org/img/photo/thumb/14181-HUG.jpg,https://ich.unesco.org/en/photo-pop-up-00973?photoID=14181,"Photograph: Gingthong Mahapornpaisan© Department of Cultural Promotion, Thailand, 2017"
Which expression seems to dominate the performers’ faces?,Joy,Seriousness,Sadness,Pride,d,https://ich.unesco.org/img/photo/thumb/14180-HUG.jpg,https://ich.unesco.org/en/photo-pop-up-00973?photoID=14180,"Photograph: Gingthong Mahapornpaisan© Department of Cultural Promotion, Thailand, 2017"
How are the sashes worn by most dancers positioned?,Across the left shoulder,Around the waist,Across the right shoulder,Hanging from the neck,c,https://ich.unesco.org/img/photo/thumb/14180-HUG.jpg,https://ich.unesco.org/en/photo-pop-up-00973?photoID=14180,"Photograph: Gingthong Mahapornpaisan© Department of Cultural Promotion, Thailand, 2017"
How many dancers are visibly wearing golden wristbands?,Every dancer,Half of the dancers,Only the lead dancers,No dancers,a,https://ich.unesco.org/img/photo/thumb/14180-HUG.jpg,https://ich.unesco.org/en/photo-pop-up-00973?photoID=14180,"Photograph: Gingthong Mahapornpaisan© Department of Cultural Promotion, Thailand, 2017"
What is the significance of wearing vibrant colors in Nora performances based on visual clues?,To symbolize different roles,To reflect cultural richness,To distinguish between groups,No particular significance,b,https://ich.unesco.org/img/photo/thumb/14180-HUG.jpg,https://ich.unesco.org/en/photo-pop-up-00973?photoID=14180,"Photograph: Gingthong Mahapornpaisan© Department of Cultural Promotion, Thailand, 2017"
Which folk tale does this Nora ritual scene derive from?,Ramakien,Phra Aphai Mani,Sang Thong,Kri Thong,d,https://ich.unesco.org/img/photo/thumb/14183-HUG.jpg,https://ich.unesco.org/en/photo-pop-up-00973?photoID=14183,"Photograph: Udom Zunsuwan© Institute of Southern Thai Studies,Thaksin University, 2015"
What action is the Nora master performing in the image related to the narrative of the folk tale?,He is preparing for a battle against a mythical creature,He is conducting a ceremony for peace,He is celebrating a victory over an enemy,He is commencing a traditional Nora dance,a,https://ich.unesco.org/img/photo/thumb/14183-HUG.jpg,https://ich.unesco.org/en/photo-pop-up-00973?photoID=14183,"Photograph: Udom Zunsuwan© Institute of Southern Thai Studies,Thaksin University, 2015"
What creature is targeted in the Nora ritual shown in the image?,A dragon,A giant,A crocodile,A serpent,c,https://ich.unesco.org/img/photo/thumb/14183-HUG.jpg,https://ich.unesco.org/en/photo-pop-up-00973?photoID=14183,"Photograph: Udom Zunsuwan© Institute of Southern Thai Studies,Thaksin University, 2015"
Why might the character need to sharpen seven spears for the narrative to progress?,It signifies the days of the week,Each spear represents a different virtue,It's a metaphor for overcoming multiple challenges,The number is traditionally lucky in this culture,c,https://ich.unesco.org/img/photo/thumb/14183-HUG.jpg,https://ich.unesco.org/en/photo-pop-up-00973?photoID=14183,"Photograph: Udom Zunsuwan© Institute of Southern Thai Studies,Thaksin University, 2015"
The setting of this performance seems rustic. What does this imply about the nature of the event?,It is impromptu and informal,It is an integral part of local traditions,It is a modern adaptation,It is a rehearsal space,b,https://ich.unesco.org/img/photo/thumb/14183-HUG.jpg,https://ich.unesco.org/en/photo-pop-up-00973?photoID=14183,"Photograph: Udom Zunsuwan© Institute of Southern Thai Studies,Thaksin University, 2015"
Why might the number seven be significant in the context of the spears used in the ritual?,It’s a symbolic number in global cultures,It often signifies completion or perfection in local folklore,Represents the number of participants allowed,It’s the number of scenes in the performance,b,https://ich.unesco.org/img/photo/thumb/14183-HUG.jpg,https://ich.unesco.org/en/photo-pop-up-00973?photoID=14183,"Photograph: Udom Zunsuwan© Institute of Southern Thai Studies,Thaksin University, 2015"
"In which region of Thailand is the ""Phuk Pha Khrop Serd"" ceremony observed?",Northeastern Thailand,Northern Thailand,Central Thailand,Southern Thailand,d,https://ich.unesco.org/img/photo/thumb/14182-HUG.jpg,https://ich.unesco.org/en/photo-pop-up-00973?photoID=14182,"Photograph: Wiradet Thongkam© The Faculty of Fine Arts, Thaksin University, Songkhla,  Thailand, 2010"
Which province is this ceremony particularly associated with?,Chiang Mai,Bangkok,Songkhla,Pattaya,c,https://ich.unesco.org/img/photo/thumb/14182-HUG.jpg,https://ich.unesco.org/en/photo-pop-up-00973?photoID=14182,"Photograph: Wiradet Thongkam© The Faculty of Fine Arts, Thaksin University, Songkhla,  Thailand, 2010"
The stance adopted by the students with one leg slightly lifted is primarily used to convey what?,Aggression,Elegance and balance,Readiness to end the performance,Fatigue,b,https://ich.unesco.org/img/photo/thumb/14188-HUG.jpg,https://ich.unesco.org/en/photo-pop-up-00973?photoID=14188,"Photograph: Chokdi Chuaiduang© The Faculty of Fine Arts, Thaksin University, Songkhla, Thailand, 2009"
How do the facial expressions of the dancers contribute to the performance?,They express individual emotions,They enhance the storytelling aspect,They distract from the dance techniques,They are irrelevant to the dance form,b,https://ich.unesco.org/img/photo/thumb/14188-HUG.jpg,https://ich.unesco.org/en/photo-pop-up-00973?photoID=14188,"Photograph: Chokdi Chuaiduang© The Faculty of Fine Arts, Thaksin University, Songkhla, Thailand, 2009"
What element in the background contextually aligns with the dance theme being taught?,The cloudy sky,The brick flooring,The wooden structure,The lush greenery,d,https://ich.unesco.org/img/photo/thumb/14188-HUG.jpg,https://ich.unesco.org/en/photo-pop-up-00973?photoID=14188,"Photograph: Chokdi Chuaiduang© The Faculty of Fine Arts, Thaksin University, Songkhla, Thailand, 2009"
What aspect of Nora dance might draw from the historical contexts of Southern Thailand?,The musical accompaniments,The storytelling techniques,The choice of dance venues,The duration of performances,b,https://ich.unesco.org/img/photo/thumb/14188-HUG.jpg,https://ich.unesco.org/en/photo-pop-up-00973?photoID=14188,"Photograph: Chokdi Chuaiduang© The Faculty of Fine Arts, Thaksin University, Songkhla, Thailand, 2009"
What is the primary purpose of using artificial fingernails in Nora performances?,To enhance hand movements,To produce sound,To protect performer’s nails,Purely decorative,a,https://ich.unesco.org/img/photo/thumb/14184-HUG.jpg,https://ich.unesco.org/en/photo-pop-up-00973?photoID=14184,"Photograph: Worawudh Pusirorungsee© Ruendorkrak Songkhla, Thailand, 2017"
Which costume piece in the image demonstrates the richest amount of embroidery?,Waist sash,Front waist sash,Shawl,Headdress,d,https://ich.unesco.org/img/photo/thumb/14184-HUG.jpg,https://ich.unesco.org/en/photo-pop-up-00973?photoID=14184,"Photograph: Worawudh Pusirorungsee© Ruendorkrak Songkhla, Thailand, 2017"
Which element in the Nora costume supports the idea of additional adornments for performance enhancement?,Lower arm bangle,Artificial fingernails,Girdle,White underpants,b,https://ich.unesco.org/img/photo/thumb/14184-HUG.jpg,https://ich.unesco.org/en/photo-pop-up-00973?photoID=14184,"Photograph: Worawudh Pusirorungsee© Ruendorkrak Songkhla, Thailand, 2017"
"If a Nora costume's aesthetic appeal had to be enhanced minimally but effectively, which addition would be most suitable?",Extra brocade,Additional necklaces,Larger shawl,More colorful underpants,b,https://ich.unesco.org/img/photo/thumb/14184-HUG.jpg,https://ich.unesco.org/en/photo-pop-up-00973?photoID=14184,"Photograph: Worawudh Pusirorungsee© Ruendorkrak Songkhla, Thailand, 2017"
"In a practical scenario, which Nora costume item would likely be the most cumbersome during long performances?",Headdress,Bangles,White underpants,Brocade,a,https://ich.unesco.org/img/photo/thumb/14184-HUG.jpg,https://ich.unesco.org/en/photo-pop-up-00973?photoID=14184,"Photograph: Worawudh Pusirorungsee© Ruendorkrak Songkhla, Thailand, 2017"
Which instrument is being played by the musician second from the right in the image?,O Thap,O Ching,O Klong,O Pi,d,https://ich.unesco.org/img/photo/thumb/14187-HUG.jpg,https://ich.unesco.org/en/photo-pop-up-00973?photoID=14187,"Photograph: Monthon Yingyoud© Department of Cultural Promotion, Thailand, 2011"
"In a traditional Nora performance as pictured, which kind of drum is played by the musician second from the left?",O Thap,O Ching,O Mong,O Klong,a,https://ich.unesco.org/img/photo/thumb/14187-HUG.jpg,https://ich.unesco.org/en/photo-pop-up-00973?photoID=14187,"Photograph: Monthon Yingyoud© Department of Cultural Promotion, Thailand, 2011"
"From the depicted instruments and the attire in the image, what is an essential component of a Nora performance?",O A wide variety of musical instruments,O A blend of music and dance,O Multiple dancers on stage,O Use of modern musical instruments,b,https://ich.unesco.org/img/photo/thumb/14187-HUG.jpg,https://ich.unesco.org/en/photo-pop-up-00973?photoID=14187,"Photograph: Monthon Yingyoud© Department of Cultural Promotion, Thailand, 2011"
"If another musician were to join the group in the image, which instrument would they most likely play to maintain the ensemble's authenticity?",O Violin,O Guitar,O Pi,O Flute,c,https://ich.unesco.org/img/photo/thumb/14187-HUG.jpg,https://ich.unesco.org/en/photo-pop-up-00973?photoID=14187,"Photograph: Monthon Yingyoud© Department of Cultural Promotion, Thailand, 2011"
What color predominates in the dance costume of the performer standing in the image?,O Blue,O Red,O Green,O Yellow,b,https://ich.unesco.org/img/photo/thumb/14187-HUG.jpg,https://ich.unesco.org/en/photo-pop-up-00973?photoID=14187,"Photograph: Monthon Yingyoud© Department of Cultural Promotion, Thailand, 2011"
Which instrument played by a single musician in this setting often accompanies both rhythmic and melodic lines?,O Thap,O Mong,O Ching,O Pi,c,https://ich.unesco.org/img/photo/thumb/14187-HUG.jpg,https://ich.unesco.org/en/photo-pop-up-00973?photoID=14187,"Photograph: Monthon Yingyoud© Department of Cultural Promotion, Thailand, 2011"
"If the musicians in the image were to increase the tempo using their instruments, which would be most affected in terms of production quality?",O Thap,O Mong,O Pi,O Ching,d,https://ich.unesco.org/img/photo/thumb/14187-HUG.jpg,https://ich.unesco.org/en/photo-pop-up-00973?photoID=14187,"Photograph: Monthon Yingyoud© Department of Cultural Promotion, Thailand, 2011"
"If analyzing the performance style, what characteristic distinguishes Nora from other traditional Thai dances?",O Use of elaborate costumes,O Inclusion of male performers,O Presence of a narrative component,O Accompaniment by traditional instruments,a,https://ich.unesco.org/img/photo/thumb/14187-HUG.jpg,https://ich.unesco.org/en/photo-pop-up-00973?photoID=14187,"Photograph: Monthon Yingyoud© Department of Cultural Promotion, Thailand, 2011"
"If the group were to add a vocal segment to their performance, where would it most appropriately fit within the structure observed?",O Before the instrumental introduction,O After a solo dance performance,O During a transition between musical pieces,O As a closing piece,c,https://ich.unesco.org/img/photo/thumb/14187-HUG.jpg,https://ich.unesco.org/en/photo-pop-up-00973?photoID=14187,"Photograph: Monthon Yingyoud© Department of Cultural Promotion, Thailand, 2011"
Which instrument is being played by the musician second from the left in the image?,Klong (drum),Thap (twin drums),Pi (Southern Thai oboe),Ching (small cymbals),d,https://ich.unesco.org/img/photo/thumb/14186-HUG.jpg,https://ich.unesco.org/en/photo-pop-up-00973?photoID=14186,"Photograph: Naresa Seaphu© The Faculty of Fine Arts, Thaksin University, Songkhla,Thailand, 2018"
How many different types of drums are visible among the instruments in the image?,One,Two,Three,Four,b,https://ich.unesco.org/img/photo/thumb/14186-HUG.jpg,https://ich.unesco.org/en/photo-pop-up-00973?photoID=14186,"Photograph: Naresa Seaphu© The Faculty of Fine Arts, Thaksin University, Songkhla,Thailand, 2018"
"If one of the instruments had to be associated with keeping a rhythmic beat, which would it be among these?",Mong,Pi,Trae,Ching,d,https://ich.unesco.org/img/photo/thumb/14186-HUG.jpg,https://ich.unesco.org/en/photo-pop-up-00973?photoID=14186,"Photograph: Naresa Seaphu© The Faculty of Fine Arts, Thaksin University, Songkhla,Thailand, 2018"
Which of the following best describes the role of the ‘trae’ in this music ensemble?,Wind instrument,Percussion for melody,Rhythm keeper,Lead musical narrative,c,https://ich.unesco.org/img/photo/thumb/14186-HUG.jpg,https://ich.unesco.org/en/photo-pop-up-00973?photoID=14186,"Photograph: Naresa Seaphu© The Faculty of Fine Arts, Thaksin University, Songkhla,Thailand, 2018"
"Considering the visible instruments, which is likely to be the lead in the musical arrangement?",Mong,Klong,Pi,Ching,c,https://ich.unesco.org/img/photo/thumb/14186-HUG.jpg,https://ich.unesco.org/en/photo-pop-up-00973?photoID=14186,"Photograph: Naresa Seaphu© The Faculty of Fine Arts, Thaksin University, Songkhla,Thailand, 2018"
Which pair of instruments would likely have similar sounds due to their design?,Pi and klong,Thap and trae,Mong and ching,Pi and ching,c,https://ich.unesco.org/img/photo/thumb/14186-HUG.jpg,https://ich.unesco.org/en/photo-pop-up-00973?photoID=14186,"Photograph: Naresa Seaphu© The Faculty of Fine Arts, Thaksin University, Songkhla,Thailand, 2018"
What do the traditional checks on the musicians’ lower garments likely signify?,Personal fashion choice,School affiliation,Cultural identity,Role differentiation,c,https://ich.unesco.org/img/photo/thumb/14186-HUG.jpg,https://ich.unesco.org/en/photo-pop-up-00973?photoID=14186,"Photograph: Naresa Seaphu© The Faculty of Fine Arts, Thaksin University, Songkhla,Thailand, 2018"
What skill is primarily being utilized in the image to create a Nora costume?,Knitting,Crocheting,Stringing,Weaving,c,https://ich.unesco.org/img/photo/thumb/14185-HUG.jpg,https://ich.unesco.org/en/photo-pop-up-00973?photoID=14185,"Photograph: Gingthong Mahapornpai san© Department of Cultural Promotion, Thailand, 2016"
What pattern is featured in the creation of the costume to ensure its aesthetic appeal and durability?,Two-to-two pattern,Three-to-three pattern,Four-to-four pattern,Five-to-five pattern,b,https://ich.unesco.org/img/photo/thumb/14185-HUG.jpg,https://ich.unesco.org/en/photo-pop-up-00973?photoID=14185,"Photograph: Gingthong Mahapornpai san© Department of Cultural Promotion, Thailand, 2016"
What is the cultural significance of the activity shown in the image?,It's a form of traditional pottery making,It’s a traditional dance preparation,It's part of a musical instrument preparation,It's a traditional costume preparation,d,https://ich.unesco.org/img/photo/thumb/14185-HUG.jpg,https://ich.unesco.org/en/photo-pop-up-00973?photoID=14185,"Photograph: Gingthong Mahapornpai san© Department of Cultural Promotion, Thailand, 2016"
"In terms of craftsmanship, what does the “three-to-three” pattern refer to?",The ratio of beads to string length,The number of threads per bead,The alignment technique for bead colors,The layout of beads on the thread,d,https://ich.unesco.org/img/photo/thumb/14185-HUG.jpg,https://ich.unesco.org/en/photo-pop-up-00973?photoID=14185,"Photograph: Gingthong Mahapornpai san© Department of Cultural Promotion, Thailand, 2016"
Which of the following tools are not visible but might be necessary for the task shown in the image?,A loom,Needle nose pliers,A sewing needle,Scissors,b,https://ich.unesco.org/img/photo/thumb/14185-HUG.jpg,https://ich.unesco.org/en/photo-pop-up-00973?photoID=14185,"Photograph: Gingthong Mahapornpai san© Department of Cultural Promotion, Thailand, 2016"
What adjective best describes the beaded costumes produced by the technique shown?,Simple,Splendid,Plain,Minimalistic,b,https://ich.unesco.org/img/photo/thumb/14185-HUG.jpg,https://ich.unesco.org/en/photo-pop-up-00973?photoID=14185,"Photograph: Gingthong Mahapornpai san© Department of Cultural Promotion, Thailand, 2016"
Which of the following would be an indirect benefit of engaging young people in the craft shown in the image?,Enhanced technical skills,Improved physical fitness,Knowledge of foreign languages,Understanding of modern technologies,a,https://ich.unesco.org/img/photo/thumb/14185-HUG.jpg,https://ich.unesco.org/en/photo-pop-up-00973?photoID=14185,"Photograph: Gingthong Mahapornpai san© Department of Cultural Promotion, Thailand, 2016"
"Given the setting, what is the likely significance of practicing outdoors in a public space?",To provide more space than an indoor venue,To showcase the practice to tourists,To celebrate a specific public holiday,To replicate historic conditions of Nora dance,a,https://ich.unesco.org/img/photo/thumb/14189-HUG.jpg,https://ich.unesco.org/en/photo-pop-up-00973?photoID=14189,"Photograph: Worachit Saikaeo© Tanot Duan Sub-district Administrative Organization, Khuan Khanun, Phatthalung Province, Thailand, 2013"
What is the likely impact of having students from a single subdistrict participate?,Limits cultural exchange,Creates a concentrated center of cultural learning,Reduces competitiveness among participants,Decreases the quality of the dance performance,b,https://ich.unesco.org/img/photo/thumb/14189-HUG.jpg,https://ich.unesco.org/en/photo-pop-up-00973?photoID=14189,"Photograph: Worachit Saikaeo© Tanot Duan Sub-district Administrative Organization, Khuan Khanun, Phatthalung Province, Thailand, 2013"
"Assuming a successful session as seen in the image, what are potential future activities these students might partake in?",Regional dance workshops,Public performances representing their district,Solo dance careers,Teaching roles in other art forms,b,https://ich.unesco.org/img/photo/thumb/14189-HUG.jpg,https://ich.unesco.org/en/photo-pop-up-00973?photoID=14189,"Photograph: Worachit Saikaeo© Tanot Duan Sub-district Administrative Organization, Khuan Khanun, Phatthalung Province, Thailand, 2013"
What specific information is depicted by the left figure in the image?,Posterior anatomy,Exterior muscle layout,Anterior sen lines,Skeletal structure,c,https://ich.unesco.org/img/photo/thumb/12429-HUG.jpg,https://ich.unesco.org/en/photo-pop-up-00973?photoID=12429,"Photograph: Weerapong Kriengsinyos© Thai Holistic Health Foundation, 2017"
Where is this informative artwork historically said to be displayed?,Sukhothai Historical Park,Pho Temple,"Grand Palace, Bangkok",Ayutthaya Historical Park,b,https://ich.unesco.org/img/photo/thumb/12429-HUG.jpg,https://ich.unesco.org/en/photo-pop-up-00973?photoID=12429,"Photograph: Weerapong Kriengsinyos© Thai Holistic Health Foundation, 2017"
How does the depiction of figures in the image serve the massage practices?,Demonstrates posture alignments,Serves to guide sen line stimulation practices,Illustrates traditional dance forms,Highlights physical fitness techniques,b,https://ich.unesco.org/img/photo/thumb/12429-HUG.jpg,https://ich.unesco.org/en/photo-pop-up-00973?photoID=12429,"Photograph: Weerapong Kriengsinyos© Thai Holistic Health Foundation, 2017"
During whose reign are these stone inscriptions believed to have been created?,King Rama I,King Rama III,King Rama V,King Rama IX,b,https://ich.unesco.org/img/photo/thumb/12429-HUG.jpg,https://ich.unesco.org/en/photo-pop-up-00973?photoID=12429,"Photograph: Weerapong Kriengsinyos© Thai Holistic Health Foundation, 2017"
What cultural significance do these inscriptions hold in the context of Thai heritage?,A symbol of royal patronage in medicine,An example of ancient art,A testament to public healthcare advancement,Representations of spiritual beliefs,c,https://ich.unesco.org/img/photo/thumb/12429-HUG.jpg,https://ich.unesco.org/en/photo-pop-up-00973?photoID=12429,"Photograph: Weerapong Kriengsinyos© Thai Holistic Health Foundation, 2017"
The second figure in the image shows a view that is:,Frontal,Lateral,Posterior,Overhead,c,https://ich.unesco.org/img/photo/thumb/12429-HUG.jpg,https://ich.unesco.org/en/photo-pop-up-00973?photoID=12429,"Photograph: Weerapong Kriengsinyos© Thai Holistic Health Foundation, 2017"
How do these inscriptions relate to the global understanding of alternative medicine?,They provide a foundation in pharmacology,They detail surgical procedures,They illustrate foundational massage therapy practices,They discuss herbal remedies,c,https://ich.unesco.org/img/photo/thumb/12429-HUG.jpg,https://ich.unesco.org/en/photo-pop-up-00973?photoID=12429,"Photograph: Weerapong Kriengsinyos© Thai Holistic Health Foundation, 2017"
Which of the following best describes the client's position during this session as depicted in the image?,Seated upright,Lying face down,On a massage bed,Stretching on a mat,a,https://ich.unesco.org/img/photo/thumb/12432-HUG.jpg,https://ich.unesco.org/en/photo-pop-up-00973?photoID=12432,"Photograph: Thirathat Thongkaew© Folk Medecine and Thai Health Network Association, 2017"
What would be an essential quality for the masseuse to effectively perform the massage depicted in the image?,Patience,Emotional detachment,Physical strength,Knowledge of pressure points,d,https://ich.unesco.org/img/photo/thumb/12432-HUG.jpg,https://ich.unesco.org/en/photo-pop-up-00973?photoID=12432,"Photograph: Thirathat Thongkaew© Folk Medecine and Thai Health Network Association, 2017"
"In terms of impact, what is the massage technique in the image primarily aimed at?",Muscle relaxation,Bone realignment,Nerve stimulation,Skin hydration,c,https://ich.unesco.org/img/photo/thumb/12432-HUG.jpg,https://ich.unesco.org/en/photo-pop-up-00973?photoID=12432,"Photograph: Thirathat Thongkaew© Folk Medecine and Thai Health Network Association, 2017"
For whom might the massage technique shown in the image be particularly beneficial?,Athletes,Office workers,Young children,Pregnant women,b,https://ich.unesco.org/img/photo/thumb/12432-HUG.jpg,https://ich.unesco.org/en/photo-pop-up-00973?photoID=12432,"Photograph: Thirathat Thongkaew© Folk Medecine and Thai Health Network Association, 2017"
"In terms of frequency, how often might someone need this type of massage to manage chronic headache pain effectively?",Once a year,Twice a month,Weekly,Daily,b,https://ich.unesco.org/img/photo/thumb/12432-HUG.jpg,https://ich.unesco.org/en/photo-pop-up-00973?photoID=12432,"Photograph: Thirathat Thongkaew© Folk Medecine and Thai Health Network Association, 2017"
What likely influenced the choice of massage technique for headache relief as seen in the image?,The client's preference for non-medicinal treatments,The recent popularity of the technique,Availability of equipment,The recommendation of a medical professional,a,https://ich.unesco.org/img/photo/thumb/12432-HUG.jpg,https://ich.unesco.org/en/photo-pop-up-00973?photoID=12432,"Photograph: Thirathat Thongkaew© Folk Medecine and Thai Health Network Association, 2017"
"Observing the environment, which feature suggests that the setting is possibly rural or semi-rural?",Open space around the structure,Presence of a large table,Traditional construction of the pavilion,Nature-themed decor,c,https://ich.unesco.org/img/photo/thumb/12431-HUG.jpg,https://ich.unesco.org/en/photo-pop-up-00973?photoID=12431,"Photograph: Oranut Malila© Folk Medecine and Thai Health Network Association, 2017"
What is the implication of using a relatively high massage table in a setting like this?,It helps maintain the therapist's posture during sessions,It reduces the intimacy of the treatment,It is a symbolic sign of authority,It is purely a design choice,a,https://ich.unesco.org/img/photo/thumb/12431-HUG.jpg,https://ich.unesco.org/en/photo-pop-up-00973?photoID=12431,"Photograph: Oranut Malila© Folk Medecine and Thai Health Network Association, 2017"
The structure shown in the picture is likely designed to cater to which primary need during the healing sessions?,Privacy from external disturbances,Protection from weather elements,Enhancement of the aesthetic appeal,To showcase local architecture,a,https://ich.unesco.org/img/photo/thumb/12431-HUG.jpg,https://ich.unesco.org/en/photo-pop-up-00973?photoID=12431,"Photograph: Oranut Malila© Folk Medecine and Thai Health Network Association, 2017"
"Considering the skills of the masseur, which sense is primarily enhanced to perform his job effectively?",Sight,Touch,Taste,Hearing,b,https://ich.unesco.org/img/photo/thumb/12435-HUG.jpg,https://ich.unesco.org/en/photo-pop-up-00973?photoID=12435,"Photograph: Thirathat Thongkaew© Folk Medecine and Thai Health Network Association, 2017"
"Considering the setting, what is an important aspect of the room's design to facilitate the massage?",Ample furniture,Space for large groups,Privacy and quiet ambiance,High-tech equipment,c,https://ich.unesco.org/img/photo/thumb/12435-HUG.jpg,https://ich.unesco.org/en/photo-pop-up-00973?photoID=12435,"Photograph: Thirathat Thongkaew© Folk Medecine and Thai Health Network Association, 2017"
What is the likely purpose of the client's seating position during the massage?,Comfort,To enhance the relaxation effect,To facilitate accessibility,To apply effective pressure and technique,d,https://ich.unesco.org/img/photo/thumb/12435-HUG.jpg,https://ich.unesco.org/en/photo-pop-up-00973?photoID=12435,"Photograph: Thirathat Thongkaew© Folk Medecine and Thai Health Network Association, 2017"
What might be a challenge faced by the masseur that is not immediately obvious?,Communicating with clients,Maintaining physical strength,Navigating the workspace,Learning new techniques,c,https://ich.unesco.org/img/photo/thumb/12435-HUG.jpg,https://ich.unesco.org/en/photo-pop-up-00973?photoID=12435,"Photograph: Thirathat Thongkaew© Folk Medecine and Thai Health Network Association, 2017"
What does the presence of ceiling fans suggest about the room's environment?,It is likely cold,It is designed to be energy-efficient,It needs to maintain a comfortable temperature for physical activity,It is overly spacious,c,https://ich.unesco.org/img/photo/thumb/12435-HUG.jpg,https://ich.unesco.org/en/photo-pop-up-00973?photoID=12435,"Photograph: Thirathat Thongkaew© Folk Medecine and Thai Health Network Association, 2017"
How might the training center help in societal inclusion for the visually impaired?,By providing employment opportunities,By offering financial aid,By organizing social events,By providing legal assistance,a,https://ich.unesco.org/img/photo/thumb/12435-HUG.jpg,https://ich.unesco.org/en/photo-pop-up-00973?photoID=12435,"Photograph: Thirathat Thongkaew© Folk Medecine and Thai Health Network Association, 2017"
What age group is most likely to benefit from the technique shown in the image?,Infants,Teenagers,Senior adults,All age groups,c,https://ich.unesco.org/img/photo/thumb/12433-HUG.jpg,https://ich.unesco.org/en/photo-pop-up-00973?photoID=12433,"Photograph: Thirathat Thongkaew© Folk Medecine and Thai Health Network Association, 2017"
"How does the simplicity of the environment affect the massage session, based on cultural practices seen here?",Distracts the participants,Enhances focus and calmness,Irrelevant to the session,Reduces effectiveness,b,https://ich.unesco.org/img/photo/thumb/12433-HUG.jpg,https://ich.unesco.org/en/photo-pop-up-00973?photoID=12433,"Photograph: Thirathat Thongkaew© Folk Medecine and Thai Health Network Association, 2017"
"Based on the cultural and practical factors visible in the image, what might be a secondary benefit of this massage technique?",Increased intellectual capability,Social interaction,Psychological relaxation,Financial gain,c,https://ich.unesco.org/img/photo/thumb/12433-HUG.jpg,https://ich.unesco.org/en/photo-pop-up-00973?photoID=12433,"Photograph: Thirathat Thongkaew© Folk Medecine and Thai Health Network Association, 2017"
What can be inferred about the man presenting the manuscript?,He is likely a direct descendant of a line of traditional practitioners,He is an academic studying Thai culture,He is a tourist sharing a found item,He is a random participant at the seminar,a,https://ich.unesco.org/img/photo/thumb/12430-HUG.jpg,https://ich.unesco.org/en/photo-pop-up-00973?photoID=12430,"Photograph: Yongsak Tantipidoke© Health and Development Foundation, Thailand, 2017"
What is the future implication of the manuscript being shared at the seminar?,Standardized training programs,Reduction in its usage,Commercialization of the practice,Decreased cultural significance,a,https://ich.unesco.org/img/photo/thumb/12430-HUG.jpg,https://ich.unesco.org/en/photo-pop-up-00973?photoID=12430,"Photograph: Yongsak Tantipidoke© Health and Development Foundation, Thailand, 2017"
How would the techniques likely be transmitted to new learners after the seminar?,Through informal oral traditions,Through structured apprenticeships,Through self-taught methods via the internet,Not transmitted at all,b,https://ich.unesco.org/img/photo/thumb/12430-HUG.jpg,https://ich.unesco.org/en/photo-pop-up-00973?photoID=12430,"Photograph: Yongsak Tantipidoke© Health and Development Foundation, Thailand, 2017"
What is an implied reason for the manuscript's historical significance?,It contains unique art,It is several centuries old,It has monetary value,It is written in an ancient language,b,https://ich.unesco.org/img/photo/thumb/12430-HUG.jpg,https://ich.unesco.org/en/photo-pop-up-00973?photoID=12430,"Photograph: Yongsak Tantipidoke© Health and Development Foundation, Thailand, 2017"
What might be a challenge in the manuscript's utilitarian use post-seminar?,Its fragile physical condition,Its complex language,Its irrelevance to modern issues,Its controversial content,a,https://ich.unesco.org/img/photo/thumb/12430-HUG.jpg,https://ich.unesco.org/en/photo-pop-up-00973?photoID=12430,"Photograph: Yongsak Tantipidoke© Health and Development Foundation, Thailand, 2017"
Which type of educational institution does the image most likely depict?,Culinary school,Medical college specializing in traditional medicine,High school,Music conservatory,b,https://ich.unesco.org/img/photo/thumb/12437-HUG.jpg,https://ich.unesco.org/en/photo-pop-up-00973?photoID=12437,"Photograph: Tanet Cherngkao© Abhaibhubejhr College of Thai Traditional Medicine Prachinburi, 2017"
What skill is implicitly being enhanced in this type of class setting?,Athletic endurance,Digital literacy,Interpersonal and communication skills,Abstract problem-solving,c,https://ich.unesco.org/img/photo/thumb/12437-HUG.jpg,https://ich.unesco.org/en/photo-pop-up-00973?photoID=12437,"Photograph: Tanet Cherngkao© Abhaibhubejhr College of Thai Traditional Medicine Prachinburi, 2017"
Which principle of traditional Thai health practices is most likely being applied here?,Use of synthetic medicines,Emphasis on meditative breathing,Balance between mind and body,Focus on high-intensity training,c,https://ich.unesco.org/img/photo/thumb/12437-HUG.jpg,https://ich.unesco.org/en/photo-pop-up-00973?photoID=12437,"Photograph: Tanet Cherngkao© Abhaibhubejhr College of Thai Traditional Medicine Prachinburi, 2017"
What element of the setting most enhances the learning atmosphere for the technique being taught?,Bright lighting,Hanging decorations,Acoustic paneling,High ceilings,a,https://ich.unesco.org/img/photo/thumb/12437-HUG.jpg,https://ich.unesco.org/en/photo-pop-up-00973?photoID=12437,"Photograph: Tanet Cherngkao© Abhaibhubejhr College of Thai Traditional Medicine Prachinburi, 2017"
For what purpose are the practitioners gathered in this photograph?,To celebrate a festive occasion,To participate in a competition,To demonstrate a traditional practice,To express gratitude to their teachers,d,https://ich.unesco.org/img/photo/thumb/12438-HUG.jpg,https://ich.unesco.org/en/photo-pop-up-00973?photoID=12438,"Photograph: Yongsak Tantipidoke© Federation of Traditional Thai Medicine of Thailand, 2017"
What is the likely setting for this event?,Outdoor public park,Private residence,Educational institution,Clinical or therapeutic facility,d,https://ich.unesco.org/img/photo/thumb/12438-HUG.jpg,https://ich.unesco.org/en/photo-pop-up-00973?photoID=12438,"Photograph: Yongsak Tantipidoke© Federation of Traditional Thai Medicine of Thailand, 2017"
What is the likely main goal of the instructors depicted in this image at a traditional Thai massage training session?,To perform the massages themselves,To monitor and correct technique of students,To prepare for a competitive event,To simply observe the students B),d,https://ich.unesco.org/img/photo/thumb/12436-HUG.jpg,https://ich.unesco.org/en/photo-pop-up-00973?photoID=12436,"Photograph: Thanyaporn Yenzuang© Folk Medecine and Thai Health Network Association, 2017"
What type of setting is this training session being held in primarily?,Hospital,Outdoor recreational area,Enclosed classroom,Semi-open educational facility D),d,https://ich.unesco.org/img/photo/thumb/12436-HUG.jpg,https://ich.unesco.org/en/photo-pop-up-00973?photoID=12436,"Photograph: Thanyaporn Yenzuang© Folk Medecine and Thai Health Network Association, 2017"
Which element in this scene is essential for the comfort and utility during a Thai massage session?,The floor mats,The wall decorations,The color of the instructor’s clothing,The style of clothing worn by the students A),d,https://ich.unesco.org/img/photo/thumb/12436-HUG.jpg,https://ich.unesco.org/en/photo-pop-up-00973?photoID=12436,"Photograph: Thanyaporn Yenzuang© Folk Medecine and Thai Health Network Association, 2017"
"Based on the learning environment, which aspect is emphasized in this traditional Thai massage training course?",Strict formal structure,"Flexible, hands-on learning",Theoretical lectures,Individual learning B),d,https://ich.unesco.org/img/photo/thumb/12436-HUG.jpg,https://ich.unesco.org/en/photo-pop-up-00973?photoID=12436,"Photograph: Thanyaporn Yenzuang© Folk Medecine and Thai Health Network Association, 2017"
"What is an implied benefit of the way students are seated during the session, based on Thai massage principles?",Promotes isolation,Enhances concentration,Encourages communication,Improves posture D),d,https://ich.unesco.org/img/photo/thumb/12436-HUG.jpg,https://ich.unesco.org/en/photo-pop-up-00973?photoID=12436,"Photograph: Thanyaporn Yenzuang© Folk Medecine and Thai Health Network Association, 2017"
How does the attire of the individuals in the image support the activity of Thai massage?,It is formal and professional,It allows freedom of movement,It symbolizes authority,It matches the environment B),d,https://ich.unesco.org/img/photo/thumb/12436-HUG.jpg,https://ich.unesco.org/en/photo-pop-up-00973?photoID=12436,"Photograph: Thanyaporn Yenzuang© Folk Medecine and Thai Health Network Association, 2017"
What could be the possible reason for having multiple instructors in a single training session as seen in the image?,To add complexity to the training,To provide personalized guidance,To supervise each other,To demonstrate different styles simultaneously B),d,https://ich.unesco.org/img/photo/thumb/12436-HUG.jpg,https://ich.unesco.org/en/photo-pop-up-00973?photoID=12436,"Photograph: Thanyaporn Yenzuang© Folk Medecine and Thai Health Network Association, 2017"
"Given the context, what might the mats indicate about the training philosophy at this center?",Importance of personal space,Need for easy mobility,Emphasis on comfort and practicality,Focus on aesthetic appeal C),d,https://ich.unesco.org/img/photo/thumb/12436-HUG.jpg,https://ich.unesco.org/en/photo-pop-up-00973?photoID=12436,"Photograph: Thanyaporn Yenzuang© Folk Medecine and Thai Health Network Association, 2017"
Why are the students and instructors likely barefoot in this Thai massage session?,It is a traditional and cultural requirement,It is optional but recommended,To maintain cleanliness of the mats,To prevent damage to the equipment A),d,https://ich.unesco.org/img/photo/thumb/12436-HUG.jpg,https://ich.unesco.org/en/photo-pop-up-00973?photoID=12436,"Photograph: Thanyaporn Yenzuang© Folk Medecine and Thai Health Network Association, 2017"
What could the various colors worn by participants suggest about this learning environment?,Uniformity is enforced,Dress codes are strict,Individual expression is permitted,Designates different roles or levels C),d,https://ich.unesco.org/img/photo/thumb/12436-HUG.jpg,https://ich.unesco.org/en/photo-pop-up-00973?photoID=12436,"Photograph: Thanyaporn Yenzuang© Folk Medecine and Thai Health Network Association, 2017"
"Considering the setup and activities, what is one likely reason for the spacing between mats?",To delineate territorial boundaries,To minimize interaction,To provide adequate space for movement and instruction,To create a competitive environment C),d,https://ich.unesco.org/img/photo/thumb/12436-HUG.jpg,https://ich.unesco.org/en/photo-pop-up-00973?photoID=12436,"Photograph: Thanyaporn Yenzuang© Folk Medecine and Thai Health Network Association, 2017"
How does the environment contribute to the learning experience in traditional Thai massage?,By emphasizing competition,By minimizing distractions,By creating a relaxing atmosphere,By promoting isolation C),d,https://ich.unesco.org/img/photo/thumb/12436-HUG.jpg,https://ich.unesco.org/en/photo-pop-up-00973?photoID=12436,"Photograph: Thanyaporn Yenzuang© Folk Medecine and Thai Health Network Association, 2017"
What aspect of the instruction can be inferred from the hands-on approach seen in the image?,Theoretical emphasis,Practical skill development,Individual assessments,Lecture-based learning B),d,https://ich.unesco.org/img/photo/thumb/12436-HUG.jpg,https://ich.unesco.org/en/photo-pop-up-00973?photoID=12436,"Photograph: Thanyaporn Yenzuang© Folk Medecine and Thai Health Network Association, 2017"
"From the physical arrangement of the session, what might be a key teaching philosophy at this center?",Independent study,Group dynamics and teamwork,Instructor-led demonstrations,Social distancing B),d,https://ich.unesco.org/img/photo/thumb/12436-HUG.jpg,https://ich.unesco.org/en/photo-pop-up-00973?photoID=12436,"Photograph: Thanyaporn Yenzuang© Folk Medecine and Thai Health Network Association, 2017"
What might the informal setting imply about the class structure and methodology?,It is highly structured and rigid,Emphasizes relaxation and openness,Focuses on individual achievements,Limits student interaction B),d,https://ich.unesco.org/img/photo/thumb/12436-HUG.jpg,https://ich.unesco.org/en/photo-pop-up-00973?photoID=12436,"Photograph: Thanyaporn Yenzuang© Folk Medecine and Thai Health Network Association, 2017"
"Considering the number of people involved and the training method, what is the instructor-student ratio aiming to achieve?",Strict control and oversight,Moderate supervision,High efficiency,Personalized feedback and instruction D),d,https://ich.unesco.org/img/photo/thumb/12436-HUG.jpg,https://ich.unesco.org/en/photo-pop-up-00973?photoID=12436,"Photograph: Thanyaporn Yenzuang© Folk Medecine and Thai Health Network Association, 2017"
Which of the following benefits might arise from the traditional Thai massage techniques being practiced here?,Enhanced agility,Increased cerebral capacity,Improved range of motion,Extended endurance C),d,https://ich.unesco.org/img/photo/thumb/12436-HUG.jpg,https://ich.unesco.org/en/photo-pop-up-00973?photoID=12436,"Photograph: Thanyaporn Yenzuang© Folk Medecine and Thai Health Network Association, 2017"
What is indicated by the diverse range of ages of the participants?,Limited availability,Broad appeal and accessibility,Specialized group sessions,Age-specific techniques B),d,https://ich.unesco.org/img/photo/thumb/12436-HUG.jpg,https://ich.unesco.org/en/photo-pop-up-00973?photoID=12436,"Photograph: Thanyaporn Yenzuang© Folk Medecine and Thai Health Network Association, 2017"
"In terms of dress code, which function is emphasized most clearly in Thai massage sessions depicted here?",Hierarchical respect,Functional and practical attire,Representing cultural heritage,Ensuring personal identity B),d,https://ich.unesco.org/img/photo/thumb/12436-HUG.jpg,https://ich.unesco.org/en/photo-pop-up-00973?photoID=12436,"Photograph: Thanyaporn Yenzuang© Folk Medecine and Thai Health Network Association, 2017"
How might the communal setting affect the learning experience in this scenario?,Enhances individual focus,Reduces overall effectiveness,Encourages peer learning,Promotes competitive learning C),d,https://ich.unesco.org/img/photo/thumb/12436-HUG.jpg,https://ich.unesco.org/en/photo-pop-up-00973?photoID=12436,"Photograph: Thanyaporn Yenzuang© Folk Medecine and Thai Health Network Association, 2017"
What type of space is traditionally used for Nuad Thai in the image?,Medical center,Private home,Spa resort,Community center,d,https://ich.unesco.org/img/photo/thumb/12434-HUG.jpg,https://ich.unesco.org/en/photo-pop-up-00973?photoID=12434,"Photograph: Pairat Haenthong© Folk Medecine and Thai Health Network Association, 2017"
How is the therapist positioned relative to the client during this procedure in the image?,Standing beside the client,Sitting behind the client,Lying opposite to the client,Kneeling in front of the client,b,https://ich.unesco.org/img/photo/thumb/12434-HUG.jpg,https://ich.unesco.org/en/photo-pop-up-00973?photoID=12434,"Photograph: Pairat Haenthong© Folk Medecine and Thai Health Network Association, 2017"
What is the significance of the floor mat in a traditional Nuad Thai session?,Provides aesthetic value,Acts as a protective barrier,Is used for client exercises,Distinguishes the therapist's area,b,https://ich.unesco.org/img/photo/thumb/12434-HUG.jpg,https://ich.unesco.org/en/photo-pop-up-00973?photoID=12434,"Photograph: Pairat Haenthong© Folk Medecine and Thai Health Network Association, 2017"
What might the blue mat indicate about the massage practices shown?,It represents water elements,It signifies calming practices,It’s purely decorative,It indicates advanced therapeutic practices,b,https://ich.unesco.org/img/photo/thumb/12434-HUG.jpg,https://ich.unesco.org/en/photo-pop-up-00973?photoID=12434,"Photograph: Pairat Haenthong© Folk Medecine and Thai Health Network Association, 2017"
"Considering the detailed costumes, which element is most likely to represent a royal status?",Heavy jewelry worn by the characters.,Multilayered clothing of the central figures.,Unique color palette of the ensemble.,Elaborate headgear of the background characters.,b,https://ich.unesco.org/img/photo/thumb/12006-HUG.jpg,https://ich.unesco.org/en/photo-pop-up-00973?photoID=12006,"Photograph: Gingthong Mahapornpaisan© Department of Cultural Promotion, Thailand, 2015"
How do the expressions on the masks and the posture of the characters contribute to the audience's understanding of this scene?,They indicate a tense or confrontational moment.,They show that the characters are in a joyous or festive mood.,They suggest that the characters are engaged in a ritual.,They depict characters in a state of mourning.,a,https://ich.unesco.org/img/photo/thumb/12006-HUG.jpg,https://ich.unesco.org/en/photo-pop-up-00973?photoID=12006,"Photograph: Gingthong Mahapornpaisan© Department of Cultural Promotion, Thailand, 2015"
What can be deduced about the plot from the arrangement of the characters in the image?,It portrays a key scene of confrontation or alliance.,It is likely a preparation or buildup to a more intense scene.,It depicts a resolution or conclusion of a conflict.,It is an interlude or a ceremonial dance.,a,https://ich.unesco.org/img/photo/thumb/12006-HUG.jpg,https://ich.unesco.org/en/photo-pop-up-00973?photoID=12006,"Photograph: Gingthong Mahapornpaisan© Department of Cultural Promotion, Thailand, 2015"
What might the synchronized posture of the surrounding characters suggest about the theme?,Unity or collective action.,Personal glory and heroism.,Isolation or alienation.,Chaos and disorder.,a,https://ich.unesco.org/img/photo/thumb/12006-HUG.jpg,https://ich.unesco.org/en/photo-pop-up-00973?photoID=12006,"Photograph: Gingthong Mahapornpaisan© Department of Cultural Promotion, Thailand, 2015"
How do the character’s facial masks likely affect the portrayal of emotions in this performance?,Reduce emotional expression,Enhance specific emotional expressions,Make expressions uniform,Have no effect on emotional portrayal,b,https://ich.unesco.org/img/photo/thumb/12008-HUG.jpg,https://ich.unesco.org/en/photo-pop-up-00973?photoID=12008,"Photograph: Gingthong Mahapornpaisan© Department of Cultural Promotion, Thailand, 2015"
The man’s role in the image can be best described as:,A performer,A spectator,An instructor,A costume assistant,d,https://ich.unesco.org/img/photo/thumb/12011-HUG.jpg,https://ich.unesco.org/en/photo-pop-up-00973?photoID=12011,"Photograph: Winai Trimas© Department of Cultural Promotion, Thailand, 2015"
How might the texture of the costume fabric affect the performance?,By enhancing flexibility,By reflecting light,By creating sound,By restricting movement,b,https://ich.unesco.org/img/photo/thumb/12011-HUG.jpg,https://ich.unesco.org/en/photo-pop-up-00973?photoID=12011,"Photograph: Winai Trimas© Department of Cultural Promotion, Thailand, 2015"
What feature contrasts most with the woman’s costume?,The man’s shoes,The man’s trousers,The man's shirt,The backdrop,b,https://ich.unesco.org/img/photo/thumb/12011-HUG.jpg,https://ich.unesco.org/en/photo-pop-up-00973?photoID=12011,"Photograph: Winai Trimas© Department of Cultural Promotion, Thailand, 2015"
The woman’s posture most likely suggests she is:,Comfortable,In a hurry,Uncomfortable,Distracted,a,https://ich.unesco.org/img/photo/thumb/12011-HUG.jpg,https://ich.unesco.org/en/photo-pop-up-00973?photoID=12011,"Photograph: Winai Trimas© Department of Cultural Promotion, Thailand, 2015"
The physical interaction in the image highlights what aspect of the societal norms?,Gender roles,Professional collaboration,Educational practices,Family dynamics,b,https://ich.unesco.org/img/photo/thumb/12011-HUG.jpg,https://ich.unesco.org/en/photo-pop-up-00973?photoID=12011,"Photograph: Winai Trimas© Department of Cultural Promotion, Thailand, 2015"
The elderly person performing the ceremony is likely to be in the role of:,A government official,A dance instructor,A temple monk,A community leader,b,https://ich.unesco.org/img/photo/thumb/12010-HUG.jpg,https://ich.unesco.org/en/photo-pop-up-00973?photoID=12010,"Photograph: Gingthong Mahapornpaisan© Department of Cultural Promotion, Thailand, 2015"
What dual purpose could the elder be serving in this setting?,Organizer and participant,Mentor and historian,Spectator and judge,Choreographer and critic,b,https://ich.unesco.org/img/photo/thumb/12010-HUG.jpg,https://ich.unesco.org/en/photo-pop-up-00973?photoID=12010,"Photograph: Gingthong Mahapornpaisan© Department of Cultural Promotion, Thailand, 2015"
"The dramatic poses struck by performers in Khon, as shown in the image, primarily serve to...",Mimic everyday life interactions.,Emphasize dialogue.,Convey emotional intensity.,Provide a visual rest for the audience.,c,https://ich.unesco.org/img/photo/thumb/12009-HUG.jpg,https://ich.unesco.org/en/photo-pop-up-00973?photoID=12009,"Photograph: Gingthong Mahapornpaisan© Department of Cultural Promotion, Thailand, 2014"
"Considering the type of episode depicted, what is the significance of group formations in scenes like this one?",To demonstrate community disarray,To symbolize unity and strength,To highlight individual characters,To fill up the stage space,b,https://ich.unesco.org/img/photo/thumb/12009-HUG.jpg,https://ich.unesco.org/en/photo-pop-up-00973?photoID=12009,"Photograph: Gingthong Mahapornpaisan© Department of Cultural Promotion, Thailand, 2014"
What might indicate the status or importance of the character on the elevated platform in this Khon performance?,Holding a spear,Surrounded by fewer characters,Wearing a mostly white costume,Sitting down,c,https://ich.unesco.org/img/photo/thumb/12007-HUG.jpg,https://ich.unesco.org/en/photo-pop-up-00973?photoID=12007,"Photograph: Gingthong Mahapornpaisan© Department of Cultural Promotion, Thailand, 2014"
What narrative technique is utilized in Khon that involves the use of masks?,To depict actual historical figures,To signify emotional expressions,To distinguish between human and non-human characters,To hide the identity of the performer,c,https://ich.unesco.org/img/photo/thumb/12007-HUG.jpg,https://ich.unesco.org/en/photo-pop-up-00973?photoID=12007,"Photograph: Gingthong Mahapornpaisan© Department of Cultural Promotion, Thailand, 2014"
What does the presence of multiple characters in elaborate costumes suggest about the scene?,"It's a peaceful, everyday event",It’s a climactic battle or confrontation,It is a solo performance,The characters are preparing for a parade,b,https://ich.unesco.org/img/photo/thumb/12007-HUG.jpg,https://ich.unesco.org/en/photo-pop-up-00973?photoID=12007,"Photograph: Gingthong Mahapornpaisan© Department of Cultural Promotion, Thailand, 2014"
What might be the significance of the different colors used in the masks?,To indicate different armies,To reflect the mood of the characters,To show alliance or enmity,Purely aesthetic choice,c,https://ich.unesco.org/img/photo/thumb/12007-HUG.jpg,https://ich.unesco.org/en/photo-pop-up-00973?photoID=12007,"Photograph: Gingthong Mahapornpaisan© Department of Cultural Promotion, Thailand, 2014"
What do the physical postures and weaponry suggest about the nature of this scene?,Preparation for a celebration,Set-up for a dance sequence,A dramatic confrontation,Conclusion of a peaceful resolution,c,https://ich.unesco.org/img/photo/thumb/12007-HUG.jpg,https://ich.unesco.org/en/photo-pop-up-00973?photoID=12007,"Photograph: Gingthong Mahapornpaisan© Department of Cultural Promotion, Thailand, 2014"
What likely precedes this moment in a traditional Khon backstage setting?,A vocal performance,A recitation of lines,A makeup application,A costume check,d,https://ich.unesco.org/img/photo/thumb/12012-HUG.jpg,https://ich.unesco.org/en/photo-pop-up-00973?photoID=12012,"Photograph: Winai Trimas© Department of Cultural Promotion, Thailand, 2015"
What does the blue fabric worn by the assistant signify in the context of Thai cultural attire?,Festive celebration,Daily wear,Casual rehearsal attire,Royal service,c,https://ich.unesco.org/img/photo/thumb/12012-HUG.jpg,https://ich.unesco.org/en/photo-pop-up-00973?photoID=12012,"Photograph: Winai Trimas© Department of Cultural Promotion, Thailand, 2015"
How might the adjustments to the mask impact the performance that follows?,Make movements more fluid,Enhance vocal clarity,Increase the emotional expression,Add to the visual effects,c,https://ich.unesco.org/img/photo/thumb/12012-HUG.jpg,https://ich.unesco.org/en/photo-pop-up-00973?photoID=12012,"Photograph: Winai Trimas© Department of Cultural Promotion, Thailand, 2015"
"Typically, what does the golden color predominant in the character's costume represent?",Wealth,Divinity,Nature,Mourning,b,https://ich.unesco.org/img/photo/thumb/12012-HUG.jpg,https://ich.unesco.org/en/photo-pop-up-00973?photoID=12012,"Photograph: Winai Trimas© Department of Cultural Promotion, Thailand, 2015"
What can be inferred about the role of the person adjusting the headpiece?,He is likely a fellow performer,He is possibly a stage manager,He might be a costume designer,He could be an audience member,c,https://ich.unesco.org/img/photo/thumb/12012-HUG.jpg,https://ich.unesco.org/en/photo-pop-up-00973?photoID=12012,"Photograph: Winai Trimas© Department of Cultural Promotion, Thailand, 2015"
What cultural role might the assistant's attire play in ensuring the fidelity of the performance?,Signaling understated importance,Providing visual balance,Highlighting cultural humility,Enhancing thematic depth,c,https://ich.unesco.org/img/photo/thumb/12012-HUG.jpg,https://ich.unesco.org/en/photo-pop-up-00973?photoID=12012,"Photograph: Winai Trimas© Department of Cultural Promotion, Thailand, 2015"
How many female participants are visible in this specific section of the Khon training image?,8,10,12,15,b,https://ich.unesco.org/img/photo/thumb/12014-HUG.jpg,https://ich.unesco.org/en/photo-pop-up-00973?photoID=12014,"Photograph: Winai Trimas© Department of Cultural Promotion, Thailand, 2015"
Which age group predominantly comprises the participants in this Khon training image?,Children,Teenagers,Adults,Elderly,a,https://ich.unesco.org/img/photo/thumb/12014-HUG.jpg,https://ich.unesco.org/en/photo-pop-up-00973?photoID=12014,"Photograph: Winai Trimas© Department of Cultural Promotion, Thailand, 2015"
"What motivation might these participants have for engaging in Khon dance training, as suggested by the context?",Professional career in dance,Casual hobby,School requirement,Community service,a,https://ich.unesco.org/img/photo/thumb/12014-HUG.jpg,https://ich.unesco.org/en/photo-pop-up-00973?photoID=12014,"Photograph: Winai Trimas© Department of Cultural Promotion, Thailand, 2015"
What is the primary purpose of the item being created in the image?,Decorative sculpture,Theater costume accessory,Traditional wear for ceremonies,Artistic representation for gallery display,b,https://ich.unesco.org/img/photo/thumb/12013-HUG.jpg,https://ich.unesco.org/en/photo-pop-up-00973?photoID=12013,"Photograph: Gingthong Mahapornpaisan© Department of Cultural Promotion, Thailand, 2016"
What does the intricate design on the mask suggest about its use?,Military purposes,Daily wear,Entertainment performances,Religious ceremonies,c,https://ich.unesco.org/img/photo/thumb/12013-HUG.jpg,https://ich.unesco.org/en/photo-pop-up-00973?photoID=12013,"Photograph: Gingthong Mahapornpaisan© Department of Cultural Promotion, Thailand, 2016"
"Considering the context, to which genre of performance is this mask most likely related?",Opera,Ballet,Puppetry,Dance drama,d,https://ich.unesco.org/img/photo/thumb/12013-HUG.jpg,https://ich.unesco.org/en/photo-pop-up-00973?photoID=12013,"Photograph: Gingthong Mahapornpaisan© Department of Cultural Promotion, Thailand, 2016"
Which of the following instruments is NOT visible in the image but is traditionally used in Khon music?,Ranat ek,Saw duang,Ching,Pi nai,c,https://ich.unesco.org/img/photo/thumb/12015-HUG.jpg,https://ich.unesco.org/en/photo-pop-up-00973?photoID=12015,"Photograph: Gingthong Mahapornpaisan© Department of Cultural Promotion, Thailand, 2010"
"Given the setting of the performance, where might this image likely be taken?",Indoor concert hall,Open-air theatre,School or educational setting,Temple courtyard,c,https://ich.unesco.org/img/photo/thumb/12015-HUG.jpg,https://ich.unesco.org/en/photo-pop-up-00973?photoID=12015,"Photograph: Gingthong Mahapornpaisan© Department of Cultural Promotion, Thailand, 2010"
"Based on the attire of the musicians, what does their uniform suggest about the event?",It is a casual practice session,It is a formal concert,It is a religious ceremony,It is a school function,d,https://ich.unesco.org/img/photo/thumb/12015-HUG.jpg,https://ich.unesco.org/en/photo-pop-up-00973?photoID=12015,"Photograph: Gingthong Mahapornpaisan© Department of Cultural Promotion, Thailand, 2010"
"Focusing on the large drum played by the musician on the far right, the instrument is called:",Taphon,Klong that,Klong yao,Thon,b,https://ich.unesco.org/img/photo/thumb/12015-HUG.jpg,https://ich.unesco.org/en/photo-pop-up-00973?photoID=12015,"Photograph: Gingthong Mahapornpaisan© Department of Cultural Promotion, Thailand, 2010"
The wooden bars instrument played by the musician on the left front is known as:,Khim,Pong lang,Ranat ek,Ranat thum,c,https://ich.unesco.org/img/photo/thumb/12015-HUG.jpg,https://ich.unesco.org/en/photo-pop-up-00973?photoID=12015,"Photograph: Gingthong Mahapornpaisan© Department of Cultural Promotion, Thailand, 2010"
How does the setting influence the acoustic quality of the performance?,Enhances through natural acoustics,Dulls due to open-area distractions,Echoes unnecessarily if in a hall,Limits the range of sound,a,https://ich.unesco.org/img/photo/thumb/12015-HUG.jpg,https://ich.unesco.org/en/photo-pop-up-00973?photoID=12015,"Photograph: Gingthong Mahapornpaisan© Department of Cultural Promotion, Thailand, 2010"
